Price,Date,Actual_Close,Predicted_Close,Actual_Returns,Predicted_Returns
2022-01-19,2022-01-19,516.5800170898438,515.3433762746288,-0.011092204105393355,0.0039025778516275644
2022-01-20,2022-01-20,510.8500061035156,519.4202720726448,-0.02141529276832277,0.005498189803782305
2022-01-21,2022-01-21,499.9100036621094,514.4336558897213,0.0395070499444754,0.007015072415364865
2022-01-24,2022-01-24,519.6599731445312,498.85674104815445,-0.03259818496568456,-0.002106904455280334
2022-01-25,2022-01-25,502.7200012207031,522.9419436394843,-0.003799338911265715,0.0063156114855132395
2022-01-26,2022-01-26,500.80999755859375,505.17594073699723,-0.015494917840007894,0.004885302972490957
2022-01-27,2022-01-27,493.0499877929688,503.9213641786068,0.05092786933017046,0.006212668746991279
2022-01-28,2022-01-28,518.1599731445312,490.07761910997135,0.031148709828915155,-0.006028534137689723
2022-01-31,2022-01-31,534.2999877929688,517.4099395595217,0.003144287318292527,-0.0014474942563737492
2022-02-01,2022-02-01,535.97998046875,535.3546308757271,-0.0053919058893837635,0.0019738781711651776
2022-02-02,2022-02-02,533.0900268554688,537.3254065132699,-0.04175662488849796,0.0025102169736697655
2022-02-03,2022-02-03,510.8299865722656,534.9619668636793,0.00530507512541023,0.0035114894556414478
2022-02-04,2022-02-04,513.5399780273438,511.9987562467848,-0.012540351675376704,0.002287981726291799
2022-02-07,2022-02-07,507.1000061035156,515.5027664380749,0.008302093086977269,0.003822075193193053
2022-02-08,2022-02-08,511.30999755859375,508.1717910804716,0.0204181465084885,0.0021135574128492984
2022-02-09,2022-02-09,521.75,511.58164155787966,-0.051231453735176125,0.0005312706588625482
2022-02-10,2022-02-10,495.0199890136719,524.7611343264317,-0.04252351068673188,0.0057712205585658816
2022-02-11,2022-02-11,473.9700012207031,499.7024555948454,8.441155520144683e-05,0.009459146469021074
2022-02-14,2022-02-14,474.010009765625,476.60604710526786,0.011582013293536919,0.005561630225068337
2022-02-15,2022-02-15,479.5,475.43267714912577,-0.00375388486541961,0.0030013446007273736
2022-02-16,2022-02-16,477.7000122070313,481.9937019830467,-0.04184638945181707,0.005200629787375954
2022-02-17,2022-02-17,457.7099914550781,483.24986051703524,-0.033099548140345214,0.011617852560570407
2022-02-18,2022-02-18,442.55999755859375,464.1732747542838,-0.009399863713526413,0.014120913722373951
2022-02-22,2022-02-22,438.3999938964844,447.42236914576256,-0.02041510450286721,0.01098692067514545
2022-02-23,2022-02-23,429.4500122070313,444.48052457778687,0.08003258619216957,0.013869823827457106
2022-02-24,2022-02-24,463.8200073242188,419.99759102479493,0.0037083377032951503,-0.022010527217494802
2022-02-25,2022-02-25,465.5400085449219,465.525011170418,0.00459677813201953,0.0036760032324508196
2022-02-28,2022-02-28,467.6799926757813,467.04576827395226,-0.0021382141970166524,0.0032344367860815404
2022-03-01,2022-03-01,466.6799926757813,469.54835963264503,0.009642581791858174,0.00399496875240285
2022-03-02,2022-03-02,471.1799926757813,467.56472042390965,-0.025680220492387718,0.0018957910388564536
2022-03-03,2022-03-03,459.0799865722656,474.1386718497567,-0.0151389341568674,0.006279297126292216
2022-03-04,2022-03-04,452.1300048828125,461.7676020887703,-0.03131843387783895,0.005854351300678184
2022-03-07,2022-03-07,437.9700012207031,456.1290792774837,-0.014704209017642245,0.008844965721104325
2022-03-08,2022-03-08,431.5299987792969,441.4128003997993,0.044817269697585704,0.007860810488162395
2022-03-09,2022-03-09,450.8699951171875,428.8394135666981,-0.0264377382377331,-0.0062349899664213
2022-03-10,2022-03-10,438.9500122070313,454.0366139370364,-0.05141817222133627,0.0070233523058589875
2022-03-11,2022-03-11,416.3800048828125,444.3681104413588,-0.01172007499300054,0.01234331491890256
2022-03-14,2022-03-14,411.5,420.0413158147879,0.02469016685810299,0.008793195852442148
2022-03-15,2022-03-15,421.6600036621094,411.4456190247631,0.049091641392767116,-0.00013215303824271052
2022-03-16,2022-03-16,442.3599853515625,418.3359113860099,0.00452120459858163,-0.007883347358605908
2022-03-17,2022-03-17,444.3599853515625,443.36043214556247,0.020186338816278404,0.002261612322834561
2022-03-18,2022-03-18,453.3299865722656,444.2565110056163,0.0005735551878909284,-0.00023286152974438812
2022-03-21,2022-03-21,453.5899963378906,454.4436525626633,0.028351630267350325,0.002456634291542026
2022-03-22,2022-03-22,466.4500122070313,453.05424606755884,-0.09336481331512425,-0.0011811333465402973
2022-03-23,2022-03-23,422.8999938964844,472.9722263539537,0.021849186297729917,0.013982664757713759
2022-03-24,2022-03-24,432.1400146484375,422.61621053037453,-0.001203358896706308,-0.0006710413104883961
2022-03-25,2022-03-25,431.6199951171875,433.7379785243509,0.042606957176403615,0.003697791969608455
2022-03-28,2022-03-28,450.010009765625,429.0971811315423,0.03626580843199556,-0.005844988680286212
2022-03-29,2022-03-29,466.3299865722656,448.6228817597149,-0.01344539101969211,-0.00308243811428216
2022-03-30,2022-03-30,460.05999755859375,468.2857785175688,-0.009650920455958056,0.0041940085382009
2022-03-31,2022-03-31,455.6199951171875,461.82221428903296,0.005640681602566255,0.0038304063378489794
2022-04-01,2022-04-01,458.1900024414063,456.55454175106615,0.023178146752657502,0.002051153689245633
2022-04-04,2022-04-04,468.80999755859375,458.08063027060405,-0.02182123043365669,-0.00023870483908300377
2022-04-05,2022-04-05,458.5799865722656,471.01796520559986,-0.031074186439129292,0.0047097281596051865
2022-04-06,2022-04-06,444.3299865722656,461.32336966613275,0.018882395746371516,0.005982343700546233
2022-04-07,2022-04-07,452.7200012207031,444.23500626638975,-0.016301477431775124,-0.00021376073806894658
2022-04-08,2022-04-08,445.3399963378906,454.77152279501644,-0.024475667997747586,0.004531546140620402
2022-04-11,2022-04-11,434.4400024414063,448.2140543234128,-0.017654942879641755,0.006453626463277795
2022-04-12,2022-04-12,426.7699890136719,437.3980227608354,0.011481651803556314,0.006808812040341616
2022-04-13,2022-04-13,431.6700134277344,427.6120971395646,-0.026015267767048766,0.001973213083326153
2022-04-14,2022-04-14,420.4400024414063,435.1840603190258,0.011963654148246405,0.008140586054119547
2022-04-18,2022-04-18,425.4700012207031,421.3345908550092,0.025689220495974663,0.002127743336524157
2022-04-19,2022-04-19,436.3999938964844,424.92020965538694,-0.018996353485028483,-0.0012921981896227286
2022-04-20,2022-04-20,428.1099853515625,438.924550247311,-0.024830008009519067,0.005784959638256704
2022-04-21,2022-04-21,417.4800109863281,430.82798829522704,-0.021102800916813824,0.006348842672829813
2022-04-22,2022-04-22,408.6700134277344,420.6690751847911,0.012919956458294468,0.007638842853646077
2022-04-25,2022-04-25,413.9500122070313,410.08920765058076,-0.035825623028190146,0.0034727143568545338
2022-04-26,2022-04-26,399.1199951171875,417.81197487325124,-0.003056727890430322,0.009329538718043262
2022-04-27,2022-04-27,397.8999938964844,401.9721983552272,0.03174165638740445,0.007146229888087385
2022-04-28,2022-04-28,410.5299987792969,398.01722289209846,-0.0355150332877473,0.0002946192445648088
2022-04-29,2022-04-29,395.9500122070313,413.9108709665546,0.028639969663547316,0.008235384009233793
2022-05-02,2022-05-02,407.2900085449219,396.01773321917284,0.0007119694106412222,0.00017103424688397206
2022-05-03,2022-05-03,407.5799865722656,408.8222153861063,0.03869183976346657,0.003761955385692739
2022-05-04,2022-05-04,423.3500061035156,406.58976490241866,-0.05395062243675952,-0.002429514947911604
2022-05-05,2022-05-05,400.510009765625,426.0677355737365,-0.023719756731072295,0.006419580562274485
2022-05-06,2022-05-06,391.010009765625,403.38143836434807,-0.03606047352078612,0.007169430298142709
2022-05-09,2022-05-09,376.9100036621094,395.1028624406157,0.04276881738495497,0.010467385930718331
2022-05-10,2022-05-10,393.0299987792969,375.0979450814584,-0.034857421188158155,-0.004807669106801915
2022-05-11,2022-05-11,379.3299865722656,396.7600389101072,0.02414785012089804,0.009490471827584168
2022-05-12,2022-05-12,388.489990234375,379.2049454754564,0.04365626502351927,-0.00032963673117197834
2022-05-13,2022-05-13,405.4500122070313,386.3291229060711,-0.006388030034504721,-0.005562221376669674
2022-05-16,2022-05-16,402.8599853515625,406.88367029128045,0.016854512217182593,0.003535967544914309
2022-05-17,2022-05-17,409.6499938964844,403.0153626025845,-0.02873181786656165,0.00038568549042278244
2022-05-18,2022-05-18,397.8800048828125,411.8313269618155,-0.008796621989161868,0.0053248702498023825
2022-05-19,2022-05-19,394.3800048828125,399.5006475606577,0.011942774473258755,0.004073194576145023
2022-05-20,2022-05-20,399.0899963378906,394.85538243659005,0.019218756416135685,0.0012053794510165639
2022-05-23,2022-05-23,406.760009765625,399.0999478199927,-0.02052809003600653,2.4935433594885925e-05
2022-05-24,2022-05-24,398.4100036621094,408.55641448967236,0.010265797294988,0.004416374965381886
2022-05-25,2022-05-25,402.5,398.9632726882583,0.015155294667119623,0.0013886926057665172
2022-05-26,2022-05-26,408.6000061035156,402.7948075278697,0.04801760847800107,0.0007324410630303313
2022-05-27,2022-05-27,428.2200012207031,406.99159331399784,-0.02741579141774897,-0.003936399328173967
2022-05-31,2022-05-31,416.4800109863281,429.76800339508765,0.0040337894531903284,0.0036149693381247183
2022-06-01,2022-06-01,418.1600036621094,417.3256101715274,0.055289829047996175,0.0020303475866625953
2022-06-02,2022-06-02,441.2799987792969,416.3019041440574,-0.026105848997324488,-0.004443513252772424
2022-06-03,2022-06-03,429.760009765625,442.6467347921639,-0.000698106626324968,0.003097208159553555
2022-06-06,2022-06-06,429.4599914550781,430.76689444430485,0.009220933384828323,0.002342899887844363
2022-06-07,2022-06-07,433.4200134277344,430.15571669786976,-0.010567156448596737,0.0016200001318736335
2022-06-08,2022-06-08,428.8399963378906,434.4535454177539,-0.005643090501869841,0.002384596829864416
2022-06-09,2022-06-09,426.4200134277344,429.77901767396213,-0.07640358347149934,0.0021896776049117883
2022-06-10,2022-06-10,393.8399963378906,429.9252643445412,-0.056342683952212425,0.008220183871367193
2022-06-13,2022-06-13,371.6499938964844,399.49824070115017,-0.00223324791038948,0.014366860694374817
2022-06-14,2022-06-14,370.8200073242188,374.55303172864626,0.016450045798586554,0.007811214529363009
2022-06-15,2022-06-15,376.9200134277344,371.742141817183,-0.0314125714572564,0.002486744174399258
2022-06-16,2022-06-16,365.0799865722656,381.82357899215793,-0.011750789375288284,0.013009565397788914
2022-06-17,2022-06-17,360.7900085449219,369.0474442334885,0.006097679085753205,0.010867365528505923
2022-06-21,2022-06-21,362.989990234375,363.08937099131174,0.0064464486648232455,0.006373132270661552
2022-06-22,2022-06-22,365.3299865722656,365.0123401573631,0.030958389652842477,0.00557136554008647
2022-06-23,2022-06-23,376.6400146484375,364.5652272486684,0.02941797509913524,-0.002093338493159569
2022-06-24,2022-06-24,387.7200012207031,375.7805013388915,-0.017151536870802064,-0.0022820552148403173
2022-06-27,2022-06-27,381.0700073242188,390.20578684538117,-0.04051749585285458,0.006411290665562286
2022-06-28,2022-06-28,365.6300048828125,385.12209640311215,0.007849451847113498,0.010633450549798307
2022-06-29,2022-06-29,368.5,366.95790026201405,-0.006621444888483707,0.0036318008956271464
2022-06-30,2022-06-30,366.05999755859375,370.7313960452888,0.006610974823456406,0.006055348833891083
2022-07-01,2022-07-01,368.4800109863281,367.30312071842826,0.021737893533508634,0.003395954674439816
2022-07-05,2022-07-05,376.489990234375,368.53020501928535,0.016839747409868266,0.00013621914747258268
2022-07-06,2022-07-06,382.8299865722656,376.7270517438552,0.02105380549820235,0.0006296621839339545
2022-07-07,2022-07-07,390.8900146484375,382.8482470238155,-0.003709514576204609,4.76985925615403e-05
2022-07-08,2022-07-08,389.4400024414063,391.8677520269252,-0.013557926114925345,0.0025013107059464468
2022-07-11,2022-07-11,384.1600036621094,390.65478980561824,-0.022438554339377026,0.0031193183971765515
2022-07-12,2022-07-12,375.5400085449219,385.29966107263937,-0.009586211912451792,0.0029666217192470534
2022-07-13,2022-07-13,371.9400024414063,376.5822014461235,0.0027423482469661753,0.00277518474060795
2022-07-14,2022-07-14,372.9599914550781,372.82683224966047,0.01850062755944548,0.0023843356520756864
2022-07-15,2022-07-15,379.8599853515625,373.35808268091824,-0.012188634085660066,0.001067383191121929
2022-07-18,2022-07-18,375.2300109863281,380.768643902141,0.033579338584398544,0.0023920880998758443
2022-07-19,2022-07-19,387.8299865722656,375.06708027587615,0.03522162838113618,-0.00043421556293882224
2022-07-20,2022-07-20,401.489990234375,387.6770994589729,0.01848119158189432,-0.0003942116870433998
2022-07-21,2022-07-21,408.9100036621094,401.96328947347274,-0.017143160360091114,0.0011788568846298753
2022-07-22,2022-07-22,401.8999938964844,409.45906942540245,-0.024732526977759628,0.0013427545385922834
2022-07-25,2022-07-25,391.9599914550781,402.5404405981552,-0.032401219426265504,0.0015935474282087747
2022-07-26,2022-07-26,379.260009765625,393.0844571067274,0.03564833798856615,0.002868827625684356
2022-07-27,2022-07-27,392.7799987792969,378.8903383327398,0.027292635200415916,-0.0009747176695839577
2022-07-28,2022-07-28,403.5,392.83930354571004,0.016406431517193232,0.00015098723610545983
2022-07-29,2022-07-29,410.1199951171875,403.945896070886,0.0023651644207836053,0.0011050708076481564
2022-08-01,2022-08-01,411.0899963378906,410.77814128530935,-0.0027488017049281943,0.0016047648882220877
2022-08-02,2022-08-02,409.9599914550781,411.77482517067693,0.035564487739631945,0.00166588542384144
2022-08-03,2022-08-03,424.5400085449219,409.8976322289748,0.014250689384269322,-0.0001521105166432668
2022-08-04,2022-08-04,430.5899963378906,425.23148422506006,0.006595592935378036,0.0016287644655875178
2022-08-05,2022-08-05,433.4299926757813,431.3794404687487,0.0020995401275565317,0.0018334010022811875
2022-08-08,2022-08-08,434.3399963378906,434.1954133931149,-0.01788918607354606,0.001765961586110587
2022-08-09,2022-08-09,426.5700073242188,434.91239089272744,0.0277328137683015,0.0013178490575654345
2022-08-10,2022-08-10,438.3999938964844,426.86120518227057,-0.008006339637120607,0.000682649630897425
2022-08-11,2022-08-11,434.8900146484375,439.11167169651384,0.024787873752427636,0.0016233526686533772
2022-08-12,2022-08-12,445.6700134277344,435.2810717892581,0.012004342730599804,0.0008992092888973624
2022-08-15,2022-08-15,451.0199890136719,446.37576057814823,-0.0076714813963006945,0.0015835643618600792
2022-08-16,2022-08-16,447.55999755859375,451.6977782503814,-0.021762423557748378,0.0015027920119279892
2022-08-17,2022-08-17,437.8200073242188,448.16073249317384,0.002763673278599166,0.0013422444763989128
2022-08-18,2022-08-18,439.0299987792969,438.5174219379288,-0.03182015183369269,0.0015929254078002608
2022-08-19,2022-08-19,425.05999755859375,440.0384588119153,-0.03225425006781124,0.002297018507670112
2022-08-22,2022-08-22,411.3500061035156,426.90873809450903,-0.0022851645252429664,0.004349363728729794
2022-08-23,2022-08-23,410.4100036621094,412.96974924901207,-0.011598181630932958,0.00393762761994193
2022-08-24,2022-08-24,405.6499938964844,412.46959562156405,-0.0042401115409408385,0.0050183766016345666
2022-08-25,2022-08-25,403.9299926757813,407.66527070712544,-0.05671775821930214,0.004968018836345289
2022-08-26,2022-08-26,381.0199890136719,408.50364513688464,-0.015117262647971419,0.011322884024545454
2022-08-29,2022-08-29,375.260009765625,385.2851683917075,-0.0005063221138987828,0.011194109235782401
2022-08-30,2022-08-30,375.0700073242188,378.7045375487426,-0.004345868373856643,0.009179043046097457
2022-08-31,2022-08-31,373.4400024414063,378.6624125445778,-0.007792426207918202,0.009577959181507334
2022-09-01,2022-09-01,370.5299987792969,377.16559014075665,-0.0064501771482285974,0.0099764023002194
2022-09-02,2022-09-02,368.1400146484375,374.13363538786825,0.000434544298815398,0.00972562712990449
2022-09-06,2022-09-06,368.2999877929688,371.200597887161,0.03100736846658214,0.008313639150708207
2022-09-07,2022-09-07,379.7200012207031,368.73370775613245,0.01029707060344398,0.001177626873578641
2022-09-08,2022-09-08,383.6300048828125,381.1449632417825,0.029064446874770278,0.0037526651651176857
2022-09-09,2022-09-09,394.7799987792969,383.6555212457889,0.00400219508878652,6.651294906984129e-05
2022-09-12,2022-09-12,396.3599853515625,395.7561965898137,-0.07056708985978055,0.002472764105414138
2022-09-13,2022-09-13,368.3900146484375,399.3691581542266,0.008496360489633092,0.007592019663627492
2022-09-14,2022-09-14,371.5199890136719,369.6982590355899,-0.1679317021312774,0.0035512482291380487
2022-09-15,2022-09-15,309.1300048828125,392.4123618058213,-0.031151957851723644,0.0562348552163115
2022-09-16,2022-09-16,299.5,319.16522384104854,-0.011485817834411716,0.032462778765329825
2022-09-19,2022-09-19,296.0599975585937,306.72975829318045,-0.016888468692939362,0.024139426688415677
2022-09-20,2022-09-20,291.0599975585937,303.8767449622302,-0.016354050043124513,0.02640257876138602
2022-09-21,2022-09-21,286.29998779296875,298.6557828345218,0.0026545923787273384,0.026096974299599618
2022-09-22,2022-09-22,287.0599975585937,290.78803920618077,-0.008708980774967512,0.015676044724310112
2022-09-23,2022-09-23,284.5599975585937,292.6402221978731,-0.026707921593760342,0.019439227641393553
2022-09-26,2022-09-26,276.9599914550781,292.37524980777863,0.002202541478773634,0.0274643390365355
2022-09-27,2022-09-27,277.57000732421875,280.98429414242185,0.013798272404092815,0.014530267228133165
2022-09-28,2022-09-28,281.3999938964844,279.46373521647826,-0.011194008403721312,0.0068225234798063306
2022-09-29,2022-09-29,278.25,285.96417054016416,-0.010961321807614555,0.016219533556062482
2022-09-30,2022-09-30,275.20001220703125,282.63250480110736,0.036482476678782794,0.015750241872802884
2022-10-03,2022-10-03,285.239990234375,273.23560401825864,0.03411166498194462,-0.007138110834438327
2022-10-04,2022-10-04,294.9700012207031,283.1920384036676,0.008170334787048983,-0.007179750037940413
2022-10-05,2022-10-05,297.3800048828125,295.5715163286701,0.003463577787292005,0.002039241636361988
2022-10-06,2022-10-06,298.4100036621094,298.2679899114589,-0.03230459612658598,0.0029860280249721094
2022-10-07,2022-10-07,288.7699890136719,301.69555563701846,-0.010561997122299105,0.011010193809150304
2022-10-10,2022-10-10,285.7200012207031,290.64038574872353,-0.003114988956443465,0.006477116065420285
2022-10-11,2022-10-11,284.8299865722656,286.9652036725074,0.004634369225319679,0.00435812140026709
2022-10-12,2022-10-12,286.1499938964844,285.5027862411033,0.03001920853088702,0.0023621096814082088
2022-10-13,2022-10-13,294.739990234375,286.12800558070035,-0.023071140728346484,-7.684192295304149e-05
2022-10-14,2022-10-14,287.94000244140625,295.36647470425993,0.019309569741790877,0.0021255496052191014
2022-10-17,2022-10-17,293.5,288.2106605009744,-0.0017716831811648293,0.0009399807504109625
2022-10-18,2022-10-18,292.9800109863281,294.0438564899196,0.023380351317746184,0.0018530033728097473
2022-10-19,2022-10-19,299.8299865722656,293.16637433134895,0.008504880848307916,0.0006360957677400969
2022-10-20,2022-10-20,302.3800048828125,300.24434789746346,0.0131952846416592,0.0013819876054924074
2022-10-21,2022-10-21,306.3699951171875,302.7588860511433,0.03215068792800024,0.0012529967663624242
2022-10-24,2022-10-24,316.2200012207031,306.55303002602005,0.023939052858757526,0.000597430922576303
2022-10-25,2022-10-25,323.7900085449219,316.6804902013368,-0.01022266738083899,0.0014562297731202656
2022-10-26,2022-10-26,320.4800109863281,324.20166435129096,-0.005710237852936895,0.0012713666126358825
2022-10-27,2022-10-27,318.6499938964844,320.91481727084283,0.02206181990883893,0.0013567344907925993
2022-10-28,2022-10-28,325.67999267578125,319.02912765327727,-0.02204615830647305,0.0011898125343008936
2022-10-31,2022-10-31,318.5,325.93376474256286,-0.0077865337090364806,0.0007792068057255741
2022-11-01,2022-11-01,316.0199890136719,318.92660666006503,-0.046832441957741056,0.0013394243644114234
2022-11-02,2022-11-02,301.2200012207031,316.67388416725714,-0.05076026984582249,0.002069157573310998
2022-11-03,2022-11-03,285.92999267578125,303.23124303136603,-0.0006294991095436853,0.006676986264233131
2022-11-04,2022-11-04,285.75,287.3112976636032,0.04825899753253493,0.004830920236437886
2022-11-07,2022-11-07,299.5400085449219,284.30133190026135,0.008780145582516052,-0.005069704636005701
2022-11-08,2022-11-08,302.1700134277344,300.10984898230134,-0.01092106484396771,0.001902385060839118
2022-11-09,2022-11-09,298.8699951171875,303.3490357328765,0.10399176095832985,0.003901850788460559
2022-11-10,2022-11-10,329.95001220703125,291.6365444306162,0.03394448030032371,-0.02420266605797966
2022-11-11,2022-11-11,341.1499938964844,329.94462393052555,-0.0022863807511412926,-1.633058435007717e-05
2022-11-14,2022-11-14,340.3699951171875,342.38831961237963,0.016423293527874083,0.003629857065953923
2022-11-15,2022-11-15,345.9599914550781,341.1482914228795,-0.02182329743163114,0.0022866184354000674
2022-11-16,2022-11-16,338.4100036621094,347.45292943964705,-0.0017139478253216378,0.004315348657195239
2022-11-17,2022-11-17,337.8299865722656,339.45522366280466,-0.020631683088357722,0.003088620281269494
2022-11-18,2022-11-18,330.8599853515625,339.34627372252316,-0.028320121900601625,0.00448831427204649
2022-11-21,2022-11-21,321.489990234375,332.7219185373512,0.02920779785893779,0.005627556272210621
2022-11-22,2022-11-22,330.8800048828125,320.8394136289314,0.014808975532443647,-0.00202362942923745
2022-11-23,2022-11-23,335.7799987792969,331.18090680187277,-0.004407680599525232,0.0009093989199100982
2022-11-25,2022-11-25,334.29998779296875,336.8686210156346,-0.01594372350251616,0.003242069927617275
2022-11-28,2022-11-28,328.9700012207031,335.7624531068912,-0.0066571493852930486,0.00437470944458479
2022-11-29,2022-11-29,326.7799987792969,330.1350262540498,0.05554193636172533,0.003541432437680181
2022-11-30,2022-11-30,344.92999267578125,324.32226457487394,-0.002377315228106358,-0.0075210668143825266
2022-12-01,2022-12-01,344.1099853515625,346.0007109067772,-0.007497563808355534,0.0031041610000044906
2022-12-02,2022-12-02,341.5299987792969,345.1795615172361,-0.02178433071179242,0.003108239258389711
2022-12-05,2022-12-05,334.0899963378906,343.0943099246539,-0.008800031349734838,0.004580303782824979
2022-12-06,2022-12-06,331.1499938964844,335.3495869928912,-0.013498418550780378,0.0037702136215017057
2022-12-07,2022-12-07,326.67999267578125,332.7462318648906,0.018060469048497563,0.004820286872495638
2022-12-08,2022-12-08,332.5799865722656,326.726610321145,-0.005833098809770343,0.00014270125630272412
2022-12-09,2022-12-09,330.6400146484375,333.60467954212726,0.02277400933248619,0.0030810421890464235
2022-12-12,2022-12-12,338.1700134277344,330.84455168709803,0.012685861717483427,0.0006186094531784314
2022-12-13,2022-12-13,342.4599914550781,338.6216134065937,-0.007416860628161714,0.0013354228965539172
2022-12-14,2022-12-14,339.9200134277344,343.18921912113143,-0.0329784111844873,0.002129380611600562
2022-12-15,2022-12-15,328.7099914550781,341.025294829327,0.029904832056761865,0.003251592603939424
2022-12-16,2022-12-16,338.5400085449219,328.54043243861867,-0.02888875327123752,-0.0005158316475530333
2022-12-19,2022-12-19,328.760009765625,339.7943220245582,0.028774763274347803,0.00370506719435465
2022-12-20,2022-12-20,338.2200012207031,328.62349968467777,0.009343041957022846,-0.000415227147135544
2022-12-21,2022-12-21,341.3800048828125,338.7511563421728,-0.014236381157733402,0.001570442669128591
2022-12-22,2022-12-22,336.5199890136719,342.31045755746925,0.005735240866422853,0.0027255628957419398
2022-12-23,2022-12-23,338.45001220703125,337.1726267357263,-0.009927657698192927,0.0019393728258677023
2022-12-27,2022-12-27,335.0899963378906,339.4130127852384,-0.020173714045490287,0.002845325878192251
2022-12-28,2022-12-28,328.3299865722656,336.41912394973497,0.028172876003709435,0.003966479531976541
2022-12-29,2022-12-29,337.5799865722656,328.41141742760067,-0.003110337800620755,0.00024801528543033635
2022-12-30,2022-12-30,336.5299987792969,338.3610154789086,0.0011589298126533087,0.0023136114038436184
2023-01-03,2023-01-03,336.9200134277344,337.25736262243913,0.01332657620630795,0.002161364056044557
2023-01-04,2023-01-04,341.4100036621094,337.40040178710564,-0.03798951724197108,0.0014258231634385887
2023-01-05,2023-01-05,328.44000244140625,342.48933219195493,0.013122632829606795,0.003161385191611965
2023-01-06,2023-01-06,332.75,329.03637306117787,0.027738575466049964,0.0018157673101285021
2023-01-09,2023-01-09,341.9800109863281,332.73785496200264,-0.009591200286346524,-3.649898721963529e-05
2023-01-10,2023-01-10,338.70001220703125,342.82817641291626,0.012488870139645725,0.0024801608261895702
2023-01-11,2023-01-11,342.92999267578125,339.17025286167865,0.004694882056183403,0.001388369169470105
2023-01-12,2023-01-12,344.5400085449219,343.5241594179982,-0.0004643979164715706,0.0017326181871140656
2023-01-13,2023-01-13,344.3800048828125,345.19567645383796,0.0,0.0019030240107241192
2023-01-17,2023-01-17,344.3800048828125,345.0176901316068,-0.00891459225474922,0.0018516906897985685
2023-01-18,2023-01-18,341.3099975585937,345.0800420728393,0.0035744667001549324,0.002032746327026269
2023-01-19,2023-01-19,342.5299987792969,341.95704806924306,0.040434432466861514,0.0018957854011830144
2023-01-20,2023-01-20,356.3800048828125,342.2873950993384,0.024131561775873278,-0.0007082698765742967
2023-01-23,2023-01-23,364.9800109863281,356.7042441264878,-0.010027956468680155,0.0009098132309133811
2023-01-24,2023-01-24,361.3200073242188,365.38222724153275,-0.008718016806796625,0.0011020226946612532
2023-01-25,2023-01-25,358.1700134277344,361.79414942876866,0.021358554903223137,0.0013122497922580245
2023-01-26,2023-01-26,365.8200073242188,358.50884296970224,0.01336718613786858,0.0009460019802474684
2023-01-27,2023-01-27,370.7099914550781,366.28816500668887,-0.019664908406514137,0.0012797487100129623
2023-01-30,2023-01-30,363.4200134277344,370.9935627323866,0.019041281862514303,0.0007649410154698111
2023-01-31,2023-01-31,370.3399963378906,363.80244307003716,0.03666905336752668,0.001052307600497182
2023-02-01,2023-02-01,383.9200134277344,370.4637685903754,0.021645127286801236,0.0003342124904378019
2023-02-02,2023-02-02,392.2300109863281,384.55043988093,-0.03288892754948358,0.001642077597276137
2023-02-03,2023-02-03,379.3299865722656,392.1726419355188,-0.010808466852267773,-0.0001462637972679537
2023-02-06,2023-02-06,375.2300109863281,379.85803872308367,0.022892615426231666,0.001392065403501841
2023-02-07,2023-02-07,383.8200073242188,375.5460099296253,-0.014225475140601906,0.0008421473071052454
2023-02-08,2023-02-08,378.3599853515625,384.3334858849291,-0.006739581064840627,0.0013378108251572152
2023-02-09,2023-02-09,375.80999755859375,379.00616363765874,-0.012825649545066264,0.0017078399173101055
2023-02-10,2023-02-10,370.989990234375,376.60418873673507,0.010808943290064654,0.0021132784739648636
2023-02-13,2023-02-13,375.0,371.5468054975964,0.007733317057291744,0.0015008902608655839
2023-02-14,2023-02-14,377.8999938964844,375.60099250072335,-0.005186534762461448,0.0016026466685957197
2023-02-15,2023-02-15,375.9400024414063,378.6979404987751,-0.02867478509679766,0.0021115284868443163
2023-02-16,2023-02-16,365.1600036621094,377.25147074371927,-0.022757140637678308,0.003488504266095982
2023-02-17,2023-02-17,356.8500061035156,366.89133306094243,-0.028443305934931273,0.004741289794802095
2023-02-21,2023-02-21,346.70001220703125,359.26168030218906,0.005826330956301362,0.006758229388887538
2023-02-22,2023-02-22,348.7200012207031,348.29343860767887,-0.004875006311884311,0.004595980226548557
2023-02-23,2023-02-23,347.0199890136719,350.6953178219627,-0.07630678723728146,0.005664477501562681
2023-02-24,2023-02-24,320.5400085449219,352.83543112582936,0.005553125138347381,0.01675823380862479
2023-02-27,2023-02-27,322.32000732421875,323.31241456325176,0.00505710115963387,0.008649173096722473
2023-02-28,2023-02-28,323.95001220703125,324.8658113815681,-0.0017595533345881043,0.007898374284872
2023-03-01,2023-03-01,323.3800048828125,326.7648764402622,0.031294436775257006,0.008689193169197973
2023-03-02,2023-03-02,333.5,323.47332125297993,0.03160422352300407,0.00028856567740259687
2023-03-03,2023-03-03,344.0400085449219,333.18339273376756,0.008661726528125246,-0.0009493471251346697
2023-03-06,2023-03-06,347.0199890136719,344.8572375419425,-0.0063973295227545135,0.002375389421936769
2023-03-07,2023-03-07,344.79998779296875,348.3073163085514,0.0030162661883454955,0.003709663234496896
2023-03-08,2023-03-08,345.8399963378906,345.7393686077057,-0.02159958738087897,0.0027244224129759353
2023-03-09,2023-03-09,338.3699951171875,347.44920630007607,-0.02680499883294185,0.004653047592023507
2023-03-10,2023-03-10,329.29998779296875,340.464717805453,-0.015274822246453379,0.006190627769876722
2023-03-13,2023-03-13,324.2699890136719,331.37279046166054,0.02793967331405356,0.00629457256462157
2023-03-14,2023-03-14,333.3299865722656,324.1353025000957,0.0008400047717764814,-0.00041535300255762797
2023-03-15,2023-03-15,333.6099853515625,334.345985233053,0.058991109551533194,0.003048026585412311
2023-03-16,2023-03-16,353.2900085449219,331.1058227246102,0.013728115673271146,-0.007506258016567846
2023-03-17,2023-03-17,358.1400146484375,353.72837884523057,0.013235019937741122,0.0012408228076253303
2023-03-20,2023-03-20,362.8800048828125,358.6785145599463,0.031249989487717178,0.0015036016347891867
2023-03-21,2023-03-21,374.2200012207031,363.0688310069398,-0.033429559416432664,0.0005203541710386284
2023-03-22,2023-03-22,361.7099914550781,375.31753264421457,0.020154291330454654,0.00293285078277844
2023-03-23,2023-03-23,369.0,362.0850612975283,0.016151738360645318,0.001036935255621041
2023-03-24,2023-03-24,374.9599914550781,369.56073854344424,-0.004827175164928477,0.0015196166489004903
2023-03-27,2023-03-27,373.1499938964844,375.64339107872576,0.0006699718721403514,0.0018225934478919847
2023-03-28,2023-03-28,373.3999938964844,373.80854741881615,0.015425843223826563,0.0017648493450451164
2023-03-29,2023-03-29,379.1600036621094,373.90419161458885,0.007226474859982179,0.0013502885011945076
2023-03-30,2023-03-30,381.8999938964844,379.7823782510925,0.00908615154794612,0.0016414563323450815
2023-03-31,2023-03-31,385.3699951171875,382.50657526411106,-0.013727089840798956,0.001588325156640702
2023-04-03,2023-04-03,380.0799865722656,385.97182184335935,0.013339316731571182,0.0015616854809593073
2023-04-04,2023-04-04,385.1499938964844,380.5880518314285,-0.008126716688080071,0.0013367324697753369
2023-04-05,2023-04-05,382.0199890136719,385.80704512117615,-0.0037170382466699126,0.0017059619241961976
2023-04-06,2023-04-06,380.6000061035156,382.66604692958094,-0.011429337976238796,0.001691162594860851
2023-04-10,2023-04-10,376.25,381.3008192416251,-0.013661168500830545,0.0018413376954043437
2023-04-11,2023-04-11,371.1099853515625,377.1537283513492,-0.0032873561781672223,0.0024019358175393912
2023-04-12,2023-04-12,369.8900146484375,372.06057180701555,0.02408816889258225,0.0025614682788784315
2023-04-13,2023-04-13,378.7999877929688,370.0972965480171,0.0015311961682551445,0.0005603879298461956
2023-04-14,2023-04-14,379.3800048828125,379.506282567807,-0.0038483616328939263,0.0018645585997859038
2023-04-17,2023-04-17,377.9200134277344,380.1451429574087,-0.000979110980150133,0.0020168118107136146
2023-04-18,2023-04-18,377.5499877929688,378.72488156894707,0.006780552619160662,0.0021297314580209226
2023-04-19,2023-04-19,380.1099853515625,378.2763784179642,0.0003946868533952763,0.0019239588093796223
2023-04-20,2023-04-20,380.260009765625,380.8140776991245,-0.006811119421910816,0.0018523384670117715
2023-04-21,2023-04-21,377.6700134277344,380.9539623702738,-0.0008738239153500693,0.0018249423731844794
2023-04-24,2023-04-24,377.3399963378906,378.46542669440885,-0.020538506586140537,0.00210610649083659
2023-04-25,2023-04-25,369.5899963378906,378.14121742710955,-0.017668223826401763,0.00212333995069397
2023-04-26,2023-04-26,363.05999755859375,370.8609374247677,0.023026540862000067,0.003438786491707868
2023-04-27,2023-04-27,371.4200134277344,363.87098560719943,0.016531107395627798,0.0022337576545453097
2023-04-28,2023-04-28,377.55999755859375,372.1604831089346,-0.009031686842248643,0.0019936181531164388
2023-05-01,2023-05-01,374.1499938964844,378.3588799159831,-0.014673233526482199,0.0021159083657039113
2023-05-02,2023-05-02,368.6600036621094,375.0957213208557,-0.06350025343016463,0.002527669223036322
2023-05-03,2023-05-03,345.25,370.8425350929176,-0.02728461528670345,0.0059201741689576814
2023-05-04,2023-05-04,335.8299865722656,348.5458689153699,0.03742967521309737,0.009546325605705841
2023-05-05,2023-05-05,348.3999938964844,335.60983458466933,-0.012456935746044118,-0.0006555459500305338
2023-05-08,2023-05-08,344.0599975585937,350.64228524163025,-0.004098133093398015,0.006435968382399404
2023-05-09,2023-05-09,342.6499938964844,346.0847988635785,0.0039982347631424275,0.005885023889300067
2023-05-10,2023-05-10,344.0199890136719,344.2596923820232,-0.007092618217917845,0.00469779224926864
2023-05-11,2023-05-11,341.5799865722656,345.98419314965264,-0.01794594123253035,0.005709563975082654
2023-05-12,2023-05-12,335.45001220703125,344.0131896396296,0.030466540017281663,0.00712337713863459
2023-05-15,2023-05-15,345.6700134277344,335.4709522563098,-0.0016201233963528683,6.242375470716377e-05
2023-05-16,2023-05-16,345.1099853515625,347.0358319626221,0.0333807192495883,0.0039512207649834985
2023-05-17,2023-05-17,356.6300048828125,344.67251221170807,0.010655266637526584,-0.0012676339672083592
2023-05-18,2023-05-18,360.4299926757813,357.16725965508624,0.030019719624031493,0.001506476642228416
2023-05-19,2023-05-19,371.25,360.21018744885953,0.0021548492739900116,-0.0006098416652008942
2023-05-22,2023-05-22,372.0499877929688,371.9350482950891,-0.004381062810681957,0.0018452479328999183
2023-05-23,2023-05-23,370.4200134277344,372.8143242617596,-0.01258032366822559,0.002054391866332106
2023-05-24,2023-05-24,365.760009765625,371.2935593343976,0.0719050390714433,0.0023582578559398493
2023-05-25,2023-05-25,392.05999755859375,362.9559233304988,0.059506241991334585,-0.007666465333164785
2023-05-26,2023-05-26,415.3900146484375,391.61647985665195,0.00438136869558825,-0.0011312495656369825
2023-05-30,2023-05-30,417.2099914550781,417.44061093244875,0.0013902281865803001,0.004936556517245061
2023-05-31,2023-05-31,417.7900085449219,419.1777123844785,0.02144616020446244,0.00471638016754522
2023-06-01,2023-06-01,426.75,419.3717644393495,0.022542460731546532,0.0037860069941274
2023-06-02,2023-06-02,436.3699951171875,428.45572930567414,-0.005018682461927937,0.003997022391737881
2023-06-05,2023-06-05,434.1799926757813,437.86878856893617,-0.0029710674123740732,0.0034346849428686377
2023-06-06,2023-06-06,432.8900146484375,435.45924577198934,-0.033657526926444414,0.0029463658339579646
2023-06-07,2023-06-07,418.3200073242188,433.6042085776303,0.04950753273205688,0.0016498276814558843
2023-06-08,2023-06-08,439.0299987792969,418.02872921960204,0.034097900513237134,-0.0006963045025742409
2023-06-09,2023-06-09,454.0,440.0674423770027,0.045440539389454804,0.002363035784776424
2023-06-12,2023-06-12,474.6300048828125,455.24715081489677,0.009186071901710058,0.0027470282266449098
2023-06-13,2023-06-13,478.989990234375,476.82574875606394,0.0011273900414028315,0.004626222216594977
2023-06-14,2023-06-14,479.5299987792969,480.9248673316736,0.02373158073901882,0.004039493803099925
2023-06-15,2023-06-15,490.9100036621094,481.3155892014107,0.008698109596094072,0.0037236261061024956
2023-06-16,2023-06-16,495.1799926757813,492.84691102641966,-0.018821453738178562,0.003945544702412429
2023-06-20,2023-06-20,485.8599853515625,496.66106820320033,-0.01724771460479657,0.0029909841862064135
2023-06-21,2023-06-21,477.4800109863281,487.2170088949182,0.00020938171994044907,0.0027930341750078136
2023-06-22,2023-06-22,477.5799865722656,478.5941786882737,0.01495040589888097,0.002333433183190403
2023-06-23,2023-06-23,484.7200012207031,478.2558897300352,-0.010748455689794989,0.0014152669223448933
2023-06-26,2023-06-26,479.510009765625,485.7010172878827,0.02035406779686899,0.002023881962182339
2023-06-27,2023-06-27,489.2699890136719,479.9596503621958,-0.013980003865921686,0.0009377084678390823
2023-06-28,2023-06-28,482.4299926757813,490.12014946648907,0.002777597492349848,0.0017376100556077412
2023-06-29,2023-06-29,483.7699890136719,483.2392964962402,0.010790254334184457,0.001677557019144127
2023-06-30,2023-06-30,488.989990234375,484.41608902360605,-0.007730217089893965,0.0013355520693863476
2023-07-03,2023-07-03,485.2099914550781,489.9425803298433,0.004225012564970321,0.0019480768819249428
2023-07-05,2023-07-05,487.260009765625,486.03986448962047,-0.012252187951099724,0.0017103378931949131
2023-07-06,2023-07-06,481.2900085449219,488.45397779512814,0.008269401811981547,0.002450371476365343
2023-07-07,2023-07-07,485.2699890136719,482.1445137747446,0.022832685599132763,0.00177544768154686
2023-07-10,2023-07-10,496.3500061035156,485.69283789304956,0.016903362602376237,0.0008713682876560491
2023-07-11,2023-07-11,504.739990234375,496.93753892675636,0.005190781725004312,0.0011837066908753635
2023-07-12,2023-07-12,507.3599853515625,505.3594502578828,0.019552278917776,0.0012272854053435034
2023-07-13,2023-07-13,517.280029296875,507.94849530653084,-0.00473633635221038,0.001159945545489871
2023-07-14,2023-07-14,514.8300170898438,517.7066112944699,0.013926893677811636,0.0008246635737605978
2023-07-17,2023-07-17,522.0,515.4428339007382,0.01959766373323757,0.0011903284395856084
2023-07-18,2023-07-18,532.22998046875,522.6336832437464,-0.009507163715462341,0.0012139525742270174
2023-07-19,2023-07-19,527.1699829101562,532.3732373416781,-0.019519279095785436,0.0002691634785434993
2023-07-20,2023-07-20,516.8800048828125,527.1791458582835,0.006481147566729684,1.7381392007076446e-05
2023-07-21,2023-07-21,520.22998046875,517.539504900243,0.006977692595766305,0.0012759248011149915
2023-07-24,2023-07-24,523.8599853515625,520.8724869882619,0.002825261606711482,0.0012350432378638865
2023-07-25,2023-07-25,525.3400268554688,524.4541567719382,-0.020539152759948665,0.001134217991429376
2023-07-26,2023-07-26,514.5499877929688,525.6337037660743,-0.0011272317629071882,0.0005590225293957141
2023-07-27,2023-07-27,513.969970703125,515.4082781976564,0.028990068026112148,0.0016680408610426078
2023-07-28,2023-07-28,528.8699951171875,514.3954497003585,0.03271122951328587,0.0008278285142835906
2023-07-31,2023-07-31,546.1699829101562,529.1788724968242,0.005364616817953527,0.0005840327159574721
2023-08-01,2023-08-01,549.0999755859375,546.7857388843846,-0.034237823035609405,0.0011274072056238205
2023-08-02,2023-08-02,530.2999877929688,549.2333919044027,-0.012332600750307732,0.00024297272700263273
2023-08-03,2023-08-03,523.760009765625,531.3560134702934,0.005956917403036721,0.0019913741309323663
2023-08-04,2023-08-04,526.8800048828125,524.7621389062326,0.005409154948993411,0.0019133364936663733
2023-08-07,2023-08-07,529.72998046875,527.8662451939458,-0.0172352051411806,0.0018718499506405473
2023-08-08,2023-08-08,520.5999755859375,531.0141903559261,-0.013100166363601229,0.00242427261911754
2023-08-09,2023-08-09,513.780029296875,522.2688040729123,0.003990010658402321,0.0032055869482064403
2023-08-10,2023-08-10,515.8300170898438,515.2144560895819,-0.014307048132732203,0.0027919084256154414
2023-08-11,2023-08-11,508.4500122070313,517.7310714602132,0.027141287170133088,0.0036854279653880107
2023-08-14,2023-08-14,522.25,508.81461910316943,-0.006797487396780766,0.0007170948714417258
2023-08-15,2023-08-15,518.7000122070312,523.6604069557566,-0.0081164871285484,0.0027006356261494724
2023-08-16,2023-08-16,514.489990234375,520.2556409747841,-0.005481111120074433,0.002999091442342172
2023-08-17,2023-08-17,511.6700134277344,516.1269391885819,-0.006918538221942994,0.0031816925212893588
2023-08-18,2023-08-18,508.1300048828125,513.4471553470848,0.024285056386619708,0.0034732188182090007
2023-08-21,2023-08-21,520.469970703125,508.6548789196283,-0.001902108267721192,0.0010329522597998797
2023-08-22,2023-08-22,519.47998046875,521.7604717445804,0.021617852325652498,0.0024794918325681814
2023-08-23,2023-08-23,530.7100219726562,520.0060522975893,-0.0344444772852186,0.0010126893212799026
2023-08-24,2023-08-24,512.4299926757812,532.2495086497834,0.024647278776290582,0.0029008057383293484
2023-08-25,2023-08-25,525.0599975585938,512.7770212111178,0.00925605716329625,0.0006772213576425323
2023-08-28,2023-08-28,529.9199829101562,525.9371042018423,0.0200974199077677,0.0016704884152801136
2023-08-29,2023-08-29,540.5700073242188,530.4177543912155,0.00886097630731264,0.0009393332901424523
2023-08-30,2023-08-30,545.3599853515625,541.2844172837628,0.02563452009573841,0.0013215863807914396
2023-08-31,2023-08-31,559.3400268554688,545.8311823500892,0.006918859604852612,0.0008640109490670178
2023-09-01,2023-09-01,563.2100219726562,560.0639598127354,0.0029651157561207953,0.0012942627427122155
2023-09-05,2023-09-05,564.8800048828125,563.9126034887806,-0.005204649511388104,0.0012474591870073604
2023-09-06,2023-09-06,561.9400024414062,565.4418547138406,-0.002633698370502313,0.000994635721164594
2023-09-07,2023-09-07,560.4600219726562,562.5536812112146,-0.0001784901994287269,0.0010920716929603835
2023-09-08,2023-09-08,560.3599853515625,561.1334894722056,0.007388133979338463,0.001201633431728022
2023-09-11,2023-09-11,564.5,561.0594466059816,-0.03948623211221214,0.0012482355498320552
2023-09-12,2023-09-12,542.2100219726562,564.8008757227251,0.02093280302094791,0.0005329950801154504
2023-09-13,2023-09-13,553.5599975585938,542.724577750892,-0.0025291285863088264,0.000948997173389865
2023-09-14,2023-09-14,552.1599731445312,554.5462238316579,-0.04214350845384929,0.0017816068310821387
2023-09-15,2023-09-15,528.8900146484375,553.9100453773906,0.006674295532059116,0.003169502169620808
2023-09-18,2023-09-18,532.4199829101562,530.3068177564322,0.01741110369408183,0.002678823703897104
2023-09-19,2023-09-19,541.6900024414062,533.1748934646537,-0.010910249622283819,0.001417885463973756
2023-09-20,2023-09-20,535.780029296875,543.4837484248902,-0.04087502933396525,0.0033113883870839467
2023-09-21,2023-09-21,513.8800048828125,539.0674054059276,-0.001907021988476587,0.006135682424309119
2023-09-22,2023-09-22,512.9000244140625,516.5293453964724,-0.002534642715277702,0.005155562560298643
2023-09-25,2023-09-25,511.6000061035156,515.6089683177714,-0.010359691648389902,0.005281621709423201
2023-09-26,2023-09-26,506.2999877929688,514.8086259165559,-0.0073078842161974356,0.006271735290775349
2023-09-27,2023-09-27,502.6000061035156,509.5242900180558,0.004118597889138043,0.006368363228966667
2023-09-28,2023-09-28,504.6700134277344,505.15206710095913,0.010363168663871658,0.005077717800341441
2023-09-29,2023-09-29,509.8999938964844,506.59894218775565,0.022023948069722854,0.0038221584574045786
2023-10-02,2023-10-02,521.1300048828125,510.720447031256,-0.027056600025719746,0.0016090471555059715
2023-10-03,2023-10-03,507.0299987792969,523.6518986134358,0.022464122750688098,0.004839279463845936
2023-10-04,2023-10-04,518.4199829101562,507.6357423118821,-0.0038192595463534262,0.0011946897304767057
2023-10-05,2023-10-05,516.4400024414062,520.0879552095789,0.019828034594467248,0.0032174151352336033
2023-10-06,2023-10-06,526.6799926757812,516.9453428983786,0.004955543001173401,0.0009785075799385035
2023-10-09,2023-10-09,529.2899780273438,527.6905750389755,0.006480365807349564,0.0019187787218953312
2023-10-10,2023-10-10,532.719970703125,530.1946154841756,0.03226836496990626,0.0017091528167668124
2023-10-11,2023-10-11,549.9099731445312,532.6709228452241,0.017675678225473,-9.207061983435016e-05
2023-10-12,2023-10-12,559.6300048828125,550.5503657086682,-0.01942353880661507,0.001164540734686137
2023-10-13,2023-10-13,548.760009765625,560.0781330240028,0.0036080990478799535,0.0008007578887486155
2023-10-16,2023-10-16,550.739990234375,549.5219974398292,0.016977224800971413,0.00138856268795845
2023-10-17,2023-10-17,560.0900268554688,551.3806116425012,-0.003963705175657695,0.0011632011829277311
2023-10-18,2023-10-18,557.8699951171875,560.7789530957665,-0.0038181026071586466,0.0012300276870945148
2023-10-19,2023-10-19,555.739990234375,558.4101957994808,-0.026595113760817357,0.0009683271855834286
2023-10-20,2023-10-20,540.9600219726562,556.1304180654382,-0.0010168012529265802,0.000702536866023673
2023-10-23,2023-10-23,540.4099731445312,541.9304744329523,-0.0015728347517194319,0.0017939448774000888
2023-10-24,2023-10-24,539.5599975585938,541.4391186441851,-0.034138896496225035,0.0019043791765454565
2023-10-25,2023-10-25,521.1400146484375,541.12800511724,-0.01316342088256317,0.0029060856359648946
2023-10-26,2023-10-26,514.280029296875,523.3824543128211,-0.011977976644571453,0.004302950457366672
2023-10-27,2023-10-27,508.1199951171875,516.867912701384,0.03703850961401023,0.005032051133790072
2023-10-30,2023-10-30,526.9400024414062,507.67564282514184,0.009716466947784719,-0.0008745026692821845
2023-10-31,2023-10-31,532.0599975585938,528.0891099956407,0.023380826407713995,0.0021807180113682656
2023-11-01,2023-11-01,544.5,532.4801649597335,0.026097377360250196,0.0007896992878016484
2023-11-02,2023-11-02,558.7100219726562,544.7221177486535,0.008859606910930351,0.00040792974959341644
2023-11-03,2023-11-03,563.6599731445312,559.4884762807761,0.003175742731054365,0.001393306505173053
2023-11-06,2023-11-06,565.4500122070312,564.5075558565084,0.03492793275025852,0.0015037127920379256
2023-11-07,2023-11-07,585.2000122070312,565.4131539580574,0.0001879448893853386,-6.518392108606497e-05
2023-11-08,2023-11-08,585.3099975585938,586.0259991436621,-0.012933329954715078,0.0014114609012323975
2023-11-09,2023-11-09,577.739990234375,586.0122131803199,0.03371755599062376,0.0011997328332938317
2023-11-10,2023-11-10,597.219970703125,577.9516639260016,-0.011519949407512775,0.0003663822743874001
2023-11-13,2023-11-13,590.3400268554688,597.9919762877839,0.023698190192006363,0.0012926653871772609
2023-11-14,2023-11-14,604.3300170898438,591.0165645485697,-0.014925652004985634,0.0011460135893286982
2023-11-15,2023-11-15,595.3099975585938,605.1114168673643,0.011338630339960964,0.0012930017629826929
2023-11-16,2023-11-16,602.0599975585938,596.1849729013312,0.0009965378672731617,0.0014697810322786276
2023-11-17,2023-11-17,602.6599731445312,602.934325521781,0.016659541880827966,0.0014522272974999972
2023-11-20,2023-11-20,612.7000122070312,603.4752968312127,-0.0027909612185195165,0.0013528751253005233
2023-11-21,2023-11-21,610.989990234375,613.5721671739321,0.014288254485807839,0.0014234616444013803
2023-11-22,2023-11-22,619.719970703125,611.7920437545789,-0.00046791783555844013,0.0013127113913867228
2023-11-24,2023-11-24,619.4299926757812,620.4159994796801,-0.00025825863523365467,0.0011231343339886402
2023-11-27,2023-11-27,619.27001953125,620.1219154401626,0.00653993841980971,0.0011170314201165987
2023-11-28,2023-11-28,623.3200073242188,619.9982703358802,-0.009513560620711403,0.0011759826596829392
2023-11-29,2023-11-29,617.3900146484375,623.9152237552604,-0.01033383231253826,0.0009549130848483522
2023-11-30,2023-11-30,611.010009765625,618.2053298469241,0.0023894222912321794,0.0013205837139281251
2023-12-01,2023-12-01,612.469970703125,612.0133984055803,-0.01291487505167066,0.0016421803635267573
2023-12-04,2023-12-04,604.5599975585938,613.5853183315306,-0.003870628002048626,0.001821065001971045
2023-12-05,2023-12-05,602.219970703125,605.9682966354379,-0.010826539824777548,0.002329461232187635
2023-12-06,2023-12-06,595.7000122070312,603.7603297050435,0.021957389326522136,0.0025578012634155933
2023-12-07,2023-12-07,608.780029296875,596.6284559399969,0.0020204021314078613,0.001558575984455468
2023-12-08,2023-12-08,610.010009765625,610.0398879315524,0.0249012347309554,0.0020694808864419323
2023-12-11,2023-12-11,625.2000122070312,610.7645223093871,0.013531607121431977,0.0012368855128329082
2023-12-12,2023-12-12,633.6599731445312,626.0608789187564,-0.014834396643769399,0.0013769460891182583
2023-12-13,2023-12-13,624.260009765625,634.132451628597,-0.06346713628518763,0.0007456341004484224
2023-12-14,2023-12-14,584.6400146484375,625.9236978573856,6.838058692881788e-05,0.002665056331872473
2023-12-15,2023-12-15,584.6799926757812,587.0775821634837,0.024714394862223488,0.0041693477250475675
2023-12-18,2023-12-18,599.1300048828125,585.2758470620014,0.009196684727386994,0.0010191119820830985
2023-12-19,2023-12-19,604.6400146484375,600.4639614208292,-0.01419028989477733,0.0022264892880428655
2023-12-20,2023-12-20,596.0599975585938,606.7573645660309,0.0068449771945024995,0.003501835581994295
2023-12-21,2023-12-21,600.1400146484375,597.555329008664,-0.0023161505890451073,0.0025086928433296074
2023-12-22,2023-12-22,598.75,601.899244034336,-0.0008183552974947439,0.0029313649197831304
2023-12-26,2023-12-26,598.260009765625,600.4553578911937,-0.0036438883431892943,0.002848196895521904
2023-12-27,2023-12-27,596.0800170898438,600.045562782238,-0.0009394670892135526,0.0029845769188426297
2023-12-28,2023-12-28,595.52001953125,597.7896462635663,0.0018134672542788888,0.002868120260211493
2023-12-29,2023-12-29,596.5999755859375,597.1035139355234,-0.027706954304656528,0.0026590112042242375
2024-01-02,2024-01-02,580.0700073242188,599.1647192496631,-0.014274189653537883,0.004298933571371288
2024-01-03,2024-01-03,571.7899780273438,582.9884554600053,-0.008289739968384557,0.00503119985335726
2024-01-04,2024-01-04,567.0499877929688,574.7461998248066,-0.004320628268712268,0.00517011824457253
2024-01-05,2024-01-05,564.5999755859375,569.9256176502547,0.02825011140051581,0.0050712105091093584
2024-01-08,2024-01-08,580.5499877929688,564.8900844520493,0.009732192804863704,0.0005138308158990079
2024-01-09,2024-01-09,586.2000122070312,581.8559315625376,0.00823953768212804,0.0022494940953037834
2024-01-10,2024-01-10,591.030029296875,587.4193734623201,0.010930004597541565,0.002080111275839125
2024-01-11,2024-01-11,597.489990234375,591.9965045909266,-0.001590005226127067,0.0016352388984386956
2024-01-12,2024-01-12,596.5399780273438,598.7191948607857,0.0019110448426395976,0.0020572807017714134
2024-01-16,2024-01-16,597.6799926757812,597.5848215420075,-0.002643583705671859,0.0017515062747662236
2024-01-17,2024-01-17,596.0999755859375,598.7275711430945,-0.0040261088361012165,0.0017527414003324915
2024-01-18,2024-01-18,593.7000122070312,597.1427634299603,0.030065648002232104,0.0017493505900545991
2024-01-19,2024-01-19,611.5499877929688,594.2027069089035,-0.013016042999570376,0.0008467149933238383
2024-01-22,2024-01-22,603.5900268554688,612.12514345612,-0.010619847735195309,0.0009404883895541283
2024-01-23,2024-01-23,597.1799926757812,604.4627133932172,0.015573173761730175,0.0014458266354978044
2024-01-24,2024-01-24,606.47998046875,598.0537992908797,0.026546690970161935,0.0014632215174912866
2024-01-25,2024-01-25,622.5800170898438,606.9976279997378,-0.01389383561408819,0.0008535278123900647
2024-01-26,2024-01-26,613.9299926757812,623.1012998864717,0.026550238606076526,0.0008372944558430739
2024-01-29,2024-01-29,630.22998046875,614.4116451526946,-0.003601793894992711,0.0007845397401325394
2024-01-30,2024-01-30,627.9600219726562,630.9285563574541,-0.01621121141406756,0.001108445980599948
2024-01-31,2024-01-31,617.780029296875,628.452138709182,0.016397331359489842,0.0007836752648358591
2024-02-01,2024-02-01,627.9099731445312,618.5319325242336,0.010909265522236034,0.0012171051048937565
2024-02-02,2024-02-02,634.760009765625,628.6956322354989,-0.00671121321457846,0.0012512288776576619
2024-02-05,2024-02-05,630.5,635.4391262673226,-0.03704993711588023,0.0010698791531438823
2024-02-06,2024-02-06,607.1400146484375,631.1848145602927,0.014345885178632889,0.0010861452185451648
2024-02-07,2024-02-07,615.8499755859375,608.1357867494329,1.6253578017044745e-05,0.0016401029037296788
2024-02-08,2024-02-08,615.8599853515625,617.1349110196817,0.01842957310274773,0.0020864422906270996
2024-02-09,2024-02-09,627.2100219726562,616.6012524199924,-0.024505340442180557,0.0012036292112838631
2024-02-12,2024-02-12,611.8400268554688,628.5864352534126,-0.016262440785655974,0.002194501415056005
2024-02-13,2024-02-13,601.8900146484375,613.8598116769496,0.004602100763727801,0.00330116490067095
2024-02-14,2024-02-14,604.6599731445312,603.5380073571232,-0.023517301185282835,0.002738029654219043
2024-02-15,2024-02-15,590.4400024414062,607.3866478158104,-0.07414814225975419,0.004509434711047755
2024-02-16,2024-02-16,546.6599731445312,597.7597010966683,-0.008689130782114418,0.012397023617972958
2024-02-20,2024-02-20,541.9099731445312,552.2058300533973,-0.006255566018854464,0.010144984416848468
2024-02-21,2024-02-21,538.52001953125,547.3050637268474,-0.0017641167878181818,0.0099556953178222
2024-02-22,2024-02-22,537.5700073242188,543.362455524953,0.0295217272187136,0.008992118803527627
2024-02-23,2024-02-23,553.4400024414062,538.0933937376084,0.012720399675282046,0.0009736153547606485
2024-02-26,2024-02-26,560.47998046875,555.3080679039494,-0.01425562109763967,0.003375371231393809
2024-02-27,2024-02-27,552.489990234375,564.2708713603236,-0.001212660721458536,0.006763650841557445
2024-02-28,2024-02-28,551.8200073242188,555.4424867126088,0.015331125838802029,0.00534398184658752
2024-02-29,2024-02-29,560.280029296875,553.1174309569137,0.01900828661030718,0.002351171786949602
2024-03-01,2024-03-01,570.9299926757812,560.9184847526635,-0.005237052305418044,0.0011395292039764748
2024-03-04,2024-03-04,567.9400024414062,572.8935616325016,-0.040673267399087054,0.0034392464608799522
2024-03-05,2024-03-05,544.8400268554688,571.734239312954,-0.0032119519744172598,0.006680700171210641
2024-03-06,2024-03-06,543.0900268554688,547.4596286262326,0.023844943805829244,0.004808020045595607
2024-03-07,2024-03-07,556.0399780273438,543.3044581239877,-0.00782313459073547,0.0003948355851065011
2024-03-08,2024-03-08,551.6900024414062,558.180941585356,0.015824068643834455,0.003850377027939056
2024-03-11,2024-03-11,560.4199829101562,552.3447833623785,0.033403576441139116,0.001186863851211195
2024-03-12,2024-03-12,579.1400146484375,559.6908165012554,-0.009652289108121992,-0.0013011070824319737
2024-03-13,2024-03-13,573.5499877929688,580.5569889730617,-0.0054048917303027855,0.0024466869647823963
2024-03-14,2024-03-14,570.4500122070312,574.8982369186281,-0.13671666067674393,0.0023507090129100683
2024-03-15,2024-03-15,492.4599914550781,584.6456291253396,0.04345529437478479,0.0248849445429698
2024-03-18,2024-03-18,513.8599853515625,488.41886124826596,0.014264619349235508,-0.008206007141558336
2024-03-19,2024-03-19,521.1900024414062,514.4242137734567,-0.003933283031842483,0.0010980197679884562
2024-03-20,2024-03-20,519.1400146484375,524.0231439207112,-0.015198240216140246,0.00543590910423003
2024-03-21,2024-03-21,511.25,523.4703112454649,-0.022943786770323937,0.008341288428633187
2024-03-22,2024-03-22,499.5199890136719,516.8652256411601,0.015434861751739026,0.01098332643747707
2024-03-25,2024-03-25,507.2300109863281,500.130808952563,0.0007294424800852184,0.0012228138059043325
2024-03-26,2024-03-26,507.6000061035156,509.62480601494843,-0.006304200489664069,0.004721319671057211
2024-03-27,2024-03-27,504.3999938964844,510.8016580999209,0.0003965349116801242,0.006307430965145466
2024-03-28,2024-03-28,504.6000061035156,506.7357136880965,-0.004974256312454517,0.004630689571521851
2024-04-01,2024-04-01,502.0899963378906,507.4518769641926,-0.0057360331889073635,0.005651745592908208
2024-04-02,2024-04-02,499.2099914550781,504.9827218672478,-0.004406926397928612,0.0057613685802465064
2024-04-03,2024-04-03,497.010009765625,501.9391612496502,-0.019919165046054177,0.00546697750703512
2024-04-04,2024-04-04,487.1099853515625,501.48337740372983,-0.004085299612445303,0.009000558439888062
2024-04-05,2024-04-05,485.1199951171875,490.0442797569523,-0.0017315228115627468,0.006023884735748164
2024-04-08,2024-04-08,484.2799987792969,487.69542239400414,0.01707687501965327,0.005308845858218059
2024-04-09,2024-04-09,492.5499877929688,484.45513856802796,-0.010821209429216383,0.0003616498496171183
2024-04-10,2024-04-10,487.2200012207031,495.35974605953766,-0.006034240043594763,0.005704513929964572
2024-04-11,2024-04-11,484.2799987792969,489.5991793035229,-0.021041551307284467,0.004883169978364743
2024-04-12,2024-04-12,474.0899963378906,487.92436249918865,-0.008416102987187424,0.007525323633183201
2024-04-15,2024-04-15,470.1000061035156,476.5263064993297,0.01301849614492423,0.005138919150917298
2024-04-16,2024-04-16,476.2200012207031,471.86523496404004,-0.0037167464809012563,0.003755007099778107
2024-04-17,2024-04-17,474.4500122070313,478.06572547145197,-0.0026768247414351576,0.0038757806182388443
2024-04-18,2024-04-18,473.1799926757813,476.24307719627006,-0.01724503104192021,0.0037792495375810753
2024-04-19,2024-04-19,465.0199890136719,475.12767359014475,0.004021387636974572,0.004116152298303144
2024-04-22,2024-04-22,466.8900146484375,466.9477626629397,0.012872366209357278,0.004145571577163276
2024-04-23,2024-04-23,472.8999938964844,468.41246298094984,0.00892366520441712,0.003260828642177638
2024-04-24,2024-04-24,477.1199951171875,474.20757408415807,-0.007712929060701645,0.0027650247505817682
2024-04-25,2024-04-25,473.4400024414063,478.3534717229725,0.008702253920120251,0.002585254481908772
2024-04-26,2024-04-26,477.55999755859375,474.6161881016228,-0.009401939562209805,0.00248433941819709
2024-04-29,2024-04-29,473.0700073242188,478.64939371944246,-0.02164588875518203,0.0022811713008166756
2024-04-30,2024-04-30,462.8299865722656,474.34832213480655,0.014173731751383922,0.002702168370001312
2024-05-01,2024-05-01,469.3900146484375,464.0315968062525,0.015296432501145096,0.0025962238161923445
2024-05-02,2024-05-02,476.5700073242188,470.3567161025592,0.020164897504816537,0.0020594844882793617
2024-05-03,2024-05-03,486.1799926757813,477.2560413120126,0.015241276427947925,0.0014395240515568397
2024-05-06,2024-05-06,493.5899963378906,486.83312701910955,-0.002674299183557882,0.0013434002903607856
2024-05-07,2024-05-07,492.2699890136719,494.13577427951,-0.008470926530604439,0.0011057313674683322
2024-05-08,2024-05-08,488.1000061035156,492.78461794791247,-0.011165769594101205,0.0010454200859811302
2024-05-09,2024-05-09,482.6499938964844,488.72474108477826,-0.0007458517686000921,0.0012799323365100812
2024-05-10,2024-05-10,482.2900085449219,483.46428609510036,0.0017001737380264448,0.001687127750778894
2024-05-13,2024-05-13,483.1099853515625,483.1277981952801,-0.014820586122476498,0.001737107623037526
2024-05-14,2024-05-14,475.9500122070313,483.88721791657815,0.019749960406336697,0.0016088108061978468
2024-05-15,2024-05-15,485.3500061035156,476.69776795674215,-0.005089113401960721,0.001571080429735583
2024-05-16,2024-05-16,482.8800048828125,486.1590650769875,0.00113897404615515,0.0016669598502062066
2024-05-17,2024-05-17,483.4299926757813,483.7676936920785,0.002606395516858262,0.0018383217368494464
2024-05-20,2024-05-20,484.6900024414063,484.3227142062926,-0.005859407711290676,0.00184664076295743
2024-05-21,2024-05-21,481.8500061035156,485.57068464778314,0.0043166681455200084,0.0018170009736962478
2024-05-22,2024-05-22,483.9299926757813,482.8008074125565,-0.0012811669592112107,0.001973230874747822
2024-05-23,2024-05-23,483.30999755859375,484.85750366951135,-0.016304245562098307,0.0019166222548051004
2024-05-24,2024-05-24,475.4299926757813,484.2722935569366,0.006310077290487381,0.0019910533678256237
2024-05-28,2024-05-28,478.4299926757813,476.5849672280959,-0.001734813002888247,0.0024293262312169994
2024-05-29,2024-05-29,477.6000061035156,479.58709638351354,-0.06643637056288254,0.0024185434137620754
2024-05-30,2024-05-30,445.8699951171875,480.12210436859306,-0.0024894820546754737,0.005280775194401566
2024-05-31,2024-05-31,444.760009765625,448.65716427686004,-0.01290588323122388,0.006251080337756287
2024-06-03,2024-06-03,439.0199890136719,448.0194175671339,0.021297449632126986,0.007328464182799588
2024-06-04,2024-06-04,448.3699951171875,440.3610152281514,0.016571119291422187,0.003054590333101681
2024-06-05,2024-06-05,455.7999877929688,449.5572724174344,0.0051119288114198635,0.002647985621643978
2024-06-06,2024-06-06,458.1300048828125,457.25210269358814,0.01593431496554376,0.003185859893613918
2024-06-07,2024-06-07,465.4299926757813,458.9719660901313,-0.011795523109313977,0.0018378215754153993
2024-06-10,2024-06-10,459.9400024414063,466.9758420883275,0.005979040712707606,0.003321336048111301
2024-06-11,2024-06-11,462.6900024414063,461.0965826770267,-0.006094809287728098,0.002514632842286313
2024-06-12,2024-06-12,459.8699951171875,464.11494750237284,-0.002457226813687985,0.0030796971048601685
2024-06-13,2024-06-13,458.739990234375,461.2318093947385,0.14511489894353313,0.002961302742102101
2024-06-14,2024-06-14,525.3099975585938,438.46323816146645,-0.012506914687999915,-0.0442009689683886
2024-06-17,2024-06-17,518.739990234375,528.072216160745,0.006766414449826952,0.005258263910812355
2024-06-18,2024-06-18,522.25,520.7077995805505,0.0013403776103997345,0.0037934406122928643
2024-06-20,2024-06-20,522.9500122070312,524.4455942594572,0.020059259947434738,0.00420410581035352
2024-06-21,2024-06-21,533.4400024414062,524.3943637512032,-0.01737781097934854,0.0027619304148714385
2024-06-24,2024-06-24,524.1699829101562,536.3465392660197,0.005170120497191455,0.0054486667878506645
2024-06-25,2024-06-25,526.8800048828125,526.039975294077,0.0033783181089110936,0.003567530467003588
2024-06-26,2024-06-26,528.6599731445312,528.827119632614,0.034237577158400256,0.0036955563539265435
2024-06-27,2024-06-27,546.760009765625,529.0102098705999,0.016058175625321303,0.0006624990425990185
2024-06-28,2024-06-28,555.5399780273438,548.616910996061,0.008046282743059852,0.003396190645383934
2024-07-01,2024-07-01,560.010009765625,557.7064833823807,0.013749776026778182,0.0038998189882391565
2024-07-02,2024-07-02,567.7100219726562,561.9245881308358,0.004297973167582736,0.003418828827741971
2024-07-03,2024-07-03,570.1500244140625,569.8781773740849,0.014364644550919792,0.0038191247600223854
2024-07-05,2024-07-05,578.3400268554688,571.9268669994337,-0.005083518872784132,0.003116447442403081
2024-07-08,2024-07-08,575.4000244140625,580.6210302317191,-0.0163017109572845,0.003944052409190102
2024-07-09,2024-07-09,566.02001953125,577.7769348269557,-0.0025971373583193458,0.004130883406398278
2024-07-10,2024-07-10,564.5499877929688,567.7615367979284,-0.012257520254688181,0.0030767768039737242
2024-07-11,2024-07-11,557.6300048828125,566.7341882803105,0.0025464607315286436,0.003868923097280652
2024-07-12,2024-07-12,559.0499877929688,558.9536088132038,0.011913128208767443,0.002373623942042935
2024-07-15,2024-07-15,565.7100219726562,559.6633735724236,0.0014671050935131102,0.0010971930826371712
2024-07-16,2024-07-16,566.5399780273438,566.4664833091987,-0.006089510547671373,0.0013371892085359272
2024-07-17,2024-07-17,563.0900268554688,567.276517429405,-0.011081800372807704,0.0013000660688163301
2024-07-18,2024-07-18,556.8499755859375,563.9986554969294,-0.010505478750864494,0.0016136471933890228
2024-07-19,2024-07-19,551.0,558.0958771905332,0.006932862657384353,0.0022374098217113336
2024-07-22,2024-07-22,554.8200073242188,552.2764235322056,-0.01587901921757029,0.002316558134674518
2024-07-23,2024-07-23,546.010009765625,556.2532491666233,-0.027417137910543343,0.0025832555125702705
2024-07-24,2024-07-24,531.0399780273438,548.2546420943358,0.0020903254606974286,0.004110972855011108
2024-07-25,2024-07-25,532.1500244140625,533.3669642987671,0.019336611021814276,0.004381941789142696
2024-07-26,2024-07-26,542.4400024414062,533.6611500763601,-0.010747763925234244,0.002839660984628234
2024-07-29,2024-07-29,536.6099853515625,544.4395445805345,0.003913525052497757,0.0036861996352200443
2024-07-30,2024-07-30,538.7100219726562,538.5056896154714,0.024020348450215057,0.0035327413124207063
2024-07-31,2024-07-31,551.6500244140625,539.6920825798575,-0.009498868916206438,0.0018229855899192793
2024-08-01,2024-08-01,546.4099731445312,553.0273325106186,-0.03704176576041618,0.002496706309437935
2024-08-02,2024-08-02,526.1699829101562,548.2657773009363,-0.0320238252527123,0.003396358499324459
2024-08-05,2024-08-05,509.3200073242188,529.4470368489331,0.009581412103659925,0.006228127877329792
2024-08-06,2024-08-06,514.2000122070312,511.62699603972857,-0.0011279989810856206,0.004529546615751168
2024-08-07,2024-08-07,513.6199951171875,516.726406209678,0.032358543816806584,0.0049132515415606925
2024-08-08,2024-08-08,530.239990234375,513.8098454082827,0.011428782570539697,0.00036963181515542454
2024-08-09,2024-08-09,536.2999877929688,531.3528274914404,-0.010013043519330633,0.002098742602521464
2024-08-12,2024-08-12,530.9299926757812,537.8872042504255,0.008080119952770248,0.0029595683266535056
2024-08-13,2024-08-13,535.219970703125,532.0792861611574,0.008538559049310335,0.00216467990362329
2024-08-14,2024-08-14,539.7899780273438,536.2223837512201,0.026621455940516903,0.0018728991871853062
2024-08-15,2024-08-15,554.1599731445312,539.9934503600798,-0.0012630850400529026,0.00037694722210229736
2024-08-16,2024-08-16,553.4600219726562,555.0647005937316,0.017453786653100822,0.0016326106053213274
2024-08-19,2024-08-19,563.1199951171875,554.0376128845795,-0.0015449551156613284,0.0010436000596115158
2024-08-20,2024-08-20,562.25,563.941579846409,0.006296092534181952,0.0014589869589883286
2024-08-21,2024-08-21,565.7899780273438,563.008399395352,-0.014758083229134078,0.0013488650873312857
2024-08-22,2024-08-22,557.4400024414062,566.5334112184462,0.0015427406497490193,0.0013139737711412303
2024-08-23,2024-08-23,558.2999877929688,558.304124732573,0.0020419392322470475,0.0015501619678928713
2024-08-26,2024-08-26,559.4400024414062,559.1582683444369,0.01497927364193119,0.0015373107115067008
2024-08-27,2024-08-27,567.8200073242188,560.1067400135183,-0.01282101582010331,0.0011917945967439558
2024-08-28,2024-08-28,560.5399780273438,568.5510370448859,0.016216554058210875,0.0012874321285579193
2024-08-29,2024-08-29,569.6300048828125,561.1867853750811,0.008391356179880516,0.001153900476489833
2024-08-30,2024-08-30,574.4099731445312,570.3418780873475,-0.005866881277737712,0.0012497115644066192
2024-09-03,2024-09-03,571.0399780273438,574.882723667378,0.007372552071047256,0.0008230193502015148
2024-09-04,2024-09-04,575.25,571.7727158940745,-0.01272491494866368,0.0012831638675492862
2024-09-05,2024-09-05,567.9299926757812,575.789898583505,-0.007958761800823555,0.0009385459947935382
2024-09-06,2024-09-06,563.4099731445312,568.7405476707187,0.011483701117625644,0.0014272093486709658
2024-09-09,2024-09-09,569.8800048828125,564.383260677911,0.008071831870787305,0.0017274943287702293
2024-09-10,2024-09-10,574.47998046875,570.7902483684654,0.010270200206538682,0.0015972546463359216
2024-09-11,2024-09-11,580.3800048828125,575.339525876845,0.010630936383485556,0.0014962147286552985
2024-09-12,2024-09-12,586.5499877929688,581.1824067220401,-0.0846986509414378,0.0013825456295478156
2024-09-13,2024-09-13,536.8699951171875,588.4252463513433,-0.02862889574194316,0.0031970993050918772
2024-09-16,2024-09-16,521.5,541.2511502641723,-0.012406463476749785,0.008160551319372156
2024-09-17,2024-09-17,515.030029296875,525.6394776136788,-0.013397324469570204,0.007937636843104168
2024-09-18,2024-09-18,508.1300048828125,519.536001544482,0.03603408061450031,0.008748950529658794
2024-09-19,2024-09-19,526.4400024414062,507.45701319683036,-0.007864171850995083,-0.0013244478371973734
2024-09-20,2024-09-20,522.2999877929688,529.4976143795798,0.010664383408767408,0.005808091945888771
2024-09-23,2024-09-23,527.8699951171875,523.9043254586612,-0.007198719056053071,0.0030716785433440585
2024-09-24,2024-09-24,524.0700073242188,530.612828133374,-0.011773203625330075,0.0051960388761585485
2024-09-25,2024-09-25,517.9000244140625,527.2016461097211,-0.004865841692324846,0.005975611543755088
2024-09-26,2024-09-26,515.3800048828125,520.727275102353,0.00019398421551142242,0.0054590665283114626
2024-09-27,2024-09-27,515.47998046875,517.7919395582547,0.00446195568261154,0.0046799151162076336
2024-09-30,2024-09-30,517.780029296875,517.4197385070759,-0.028931284824268877,0.0037630133309192737
2024-10-01,2024-10-01,502.7999877929688,521.6666638512327,0.005986495303703876,0.007506343107971214
2024-10-02,2024-10-02,505.80999755859375,504.8436540949459,-0.003973843489307627,0.004064571104998971
2024-10-03,2024-10-03,503.7999877929688,508.34558941086766,0.006788434915841579,0.0050129334424240946
2024-10-04,2024-10-04,507.2200012207031,505.47228569303456,-0.03927292571230179,0.003319368679208845
2024-10-07,2024-10-07,487.2999877929688,511.524003305353,0.018345993567322694,0.008485473905389507
2024-10-08,2024-10-08,496.239990234375,488.1665793904244,-0.0043527400141395445,0.0017783534150708769
2024-10-09,2024-10-09,494.0799865722656,498.5052680748451,0.01920745832631532,0.004564883695488187
2024-10-10,2024-10-10,503.5700073242188,494.4879108231366,-0.016184430720547538,0.0008256239110209784
2024-10-11,2024-10-11,495.4200134277344,505.42224621957894,0.028723063427121165,0.0036782152797428247
2024-10-14,2024-10-14,509.6499938964844,495.6395835160477,-0.0031786424734393526,0.0004431998755847766
2024-10-15,2024-10-15,508.0299987792969,510.8990721568716,-0.010806429241514204,0.0024508550482607583
2024-10-16,2024-10-16,502.5400085449219,509.4947079544214,-0.01136232314953256,0.0028831155220046534
2024-10-17,2024-10-17,496.8299865722656,504.090349022722,-0.0038846139080627173,0.0030850090568690924
2024-10-18,2024-10-18,494.8999938964844,498.40616634193174,0.005677909867142672,0.0031724731040099763
2024-10-21,2024-10-21,497.7099914550781,496.2096960641188,-0.009242342292681949,0.0026463976233315756
2024-10-22,2024-10-22,493.1099853515625,499.21994794545043,-0.01638576952868842,0.003033807872648675
2024-10-23,2024-10-23,485.0299987792969,494.9149206829344,-0.004453340345021095,0.0036603098395687206
2024-10-24,2024-10-24,482.8699951171875,486.86492151295084,0.0017603208153560423,0.0037831118451890355
2024-10-25,2024-10-25,483.7200012207031,484.51704041896835,-0.005540380114566479,0.0034109497762045415
2024-10-28,2024-10-28,481.0400085449219,485.4747983519333,0.009042919562291196,0.0036277125750472927
2024-10-29,2024-10-29,485.3900146484375,482.4005524092948,0.0026576113813920887,0.0028283382675141078
2024-10-30,2024-10-30,486.6799926757813,486.75264303431777,-0.0176707615536702,0.00280728557398785
2024-10-31,2024-10-31,478.0799865722656,488.3447340014344,0.009872827462501954,0.003420607690281907
2024-11-01,2024-11-01,482.7999877929688,479.3742981181438,-0.003003276151852252,0.0027073117098211363
2024-11-04,2024-11-04,481.3500061035156,484.2506151733251,0.010532891367884156,0.003004613539837886
2024-11-05,2024-11-05,486.4200134277344,482.56863680732044,0.03784789407573652,0.002531693545969882
2024-11-06,2024-11-06,504.8299865722656,486.4023708349896,-0.007745128555218139,-3.627028546876465e-05
2024-11-07,2024-11-07,500.9200134277344,505.5462116237498,-0.012457120068438465,0.001418745063753557
2024-11-08,2024-11-08,494.6799926757813,501.736989864551,0.01981082407949719,0.0016309518783770849
2024-11-11,2024-11-11,504.4800109863281,495.3578397969108,0.0434902700722124,0.0013702739774515416
2024-11-12,2024-11-12,526.4199829101562,504.2423960352059,0.011549745996024319,-0.0004710096454715873
2024-11-13,2024-11-13,532.5,527.1041092684678,-0.0049389763057511304,0.00129958280559489
2024-11-14,2024-11-14,529.8699951171875,532.9875739750175,-0.05001226762073818,0.0009156318779673378
2024-11-15,2024-11-15,503.3699951171875,529.973650398528,-0.007668286526819834,0.00019562398757383415
2024-11-18,2024-11-18,499.510009765625,504.54598813675824,0.00020014731233186644,0.0023362398056661626
2024-11-19,2024-11-19,499.6099853515625,500.6053763399939,-0.0002201424206625946,0.002192882130395868
2024-11-20,2024-11-20,499.5,500.7259673612053,0.00988989477759028,0.0022337063756992515
2024-11-21,2024-11-21,504.4400024414063,500.33295406729206,0.015284319116923628,0.0016675757102944666
2024-11-22,2024-11-22,512.1500244140625,505.04454200589925,0.012847712078536855,0.0011984370025515667
2024-11-25,2024-11-25,518.72998046875,512.8025804959578,0.012665563147674197,0.0012741502504894364
2024-11-26,2024-11-26,525.2999877929688,519.3793526663837,-0.022120684156130554,0.0012518501379986113
2024-11-27,2024-11-27,513.6799926757812,526.3184616545441,0.004380158916214905,0.0019388423476925376
2024-11-29,2024-11-29,515.9299926757812,514.6101558763927,0.0005233646717253126,0.0018107833940859686
2024-12-02,2024-12-02,516.2000122070312,516.9527369365487,0.00011622928549970268,0.0019823314699408123
2024-12-03,2024-12-03,516.260009765625,517.2660466382333,0.03918564305984917,0.002065157702426712
2024-12-04,2024-12-04,536.489990234375,515.5874941757648,0.003224627672911984,-0.0013026683786052096
2024-12-05,2024-12-05,538.219970703125,537.3077400396368,0.027386667295669076,0.0015242592036144864
2024-12-06,2024-12-06,552.9600219726562,538.5096793886809,-0.009096551463034563,0.0005382718987135271
2024-12-09,2024-12-09,547.9299926757812,553.7829891582353,-0.0016060535005850696,0.0014882941856143028
2024-12-10,2024-12-10,547.0499877929688,548.7871563298215,0.005264610085143451,0.001564367100721109
2024-12-11,2024-12-11,549.9299926757812,547.7957185833603,-0.13692649754668484,0.001363185827679525
2024-12-12,2024-12-12,474.6300048828125,559.5900432915904,-0.018835729619777197,0.017565964294485037
2024-12-13,2024-12-13,465.6900024414063,480.10822301545136,-0.008932988984733159,0.011542081360809642
2024-12-16,2024-12-16,461.5299987792969,470.26972605668044,-0.013650223841638942,0.009834275142830473
2024-12-17,2024-12-17,455.2300109863281,466.907971302581,-0.030577978366528313,0.011652487460204919
2024-12-18,2024-12-18,441.30999755859375,463.2974701453528,-0.008882606176706442,0.017721720809981856
2024-12-19,2024-12-19,437.3900146484375,447.1785040770404,0.022359904094193306,0.013297923343935703
2024-12-20,2024-12-20,447.1700134277344,438.14032173834255,-0.0009616548078952292,0.001715418881951758
2024-12-23,2024-12-23,446.739990234375,450.89377265652945,0.002686153541799019,0.008327390292231451
2024-12-24,2024-12-24,447.9400024414063,449.740744376373,0.004956023593792436,0.006717003643268493
2024-12-26,2024-12-26,450.1600036621094,450.34460101449565,-0.008174854820161781,0.005368126445469523
2024-12-27,2024-12-27,446.4800109863281,453.9336207832242,-0.0015230764572350397,0.00838283519285593
2024-12-30,2024-12-30,445.7999877929688,449.4313684053529,-0.0025123264868899264,0.006610278951805493
